1,瑰麗,かいれい
1,烏鵲,うじゃく
1,解傭,かいよう
1,安佚,あんいつ
1,胡乱,うろん
1,邏卒,らそつ
1,闃然,げきぜん
1,間隙,かんげき
1,千仞,せんじん
1,蒐集,しゅうしゅう
1,咫尺,しせき
1,稼穡,かしょく
1,刈穫,がいかく
1,浅葱,あさぎ
1,仇讐,きゅうしゅう
1,煢然,けいぜん
1,飛礫,つぶて
1,関雎,かんしょ
1,顧眄,こべん
1,臚列,ろれつ
1,器皿,きべい
1,圧状,おうじょう
1,一掬,いっきく
1,仏龕,ぶつがん
1,弛張,しちょう
1,盥漱,かんそう
1,佚遊,いつゆう
1,嫩草,どんそう
1,諛言,ゆげん
1,囃子,はやし
1,懐孕,かいよう
1,明礬,みょうばん
1,放曠,ほうこう
1,神饌,しんせん
1,恐懼,きょうく
1,簷滴,えんてき
1,靉靆,あいたい
1,竿檣,かんしょう
1,午餉,ごしょう
1,拘繋,こうけい
1,蘊藉,うんしゃ
1,煢煢,けいけい
1,冪冪,べきべき
1,翅鳥,しちょう
1,袂別,べいべつ
1,舟楫,しゅうしゅう
1,縹色,はなだいろ
1,検覈,けんかく
1,斂葬,れんそう
1,軋轢,あつれき
1,軒輊,けんち
1,頤使,いし
1,禰宜,ねぎ
1,流眄,りゅうべん
1,遁走,とんそう
1,瓦礫,がれき
1,雲鬢,うんびん
1,喚鐘,かんしょう
1,窮愁,きゅうしゅう
1,呑噬,どんぜい
1,鷙鳥,しちょう
1,憐惜,れんせき
1,癰疽,ようそ
1,圏套,けんとう
1,潸然,さんぜん
1,峻別,しゅんべつ
1,狡黠,こうかつ
1,涵養,かんよう
1,舳艫,じくろ
1,欷歔,ききょ
1,貶謫,へんたく
1,肯綮,こうけい
1,覬覦,きゆ
1,詠懐,えいかい
1,塵埃,じんあい
1,救恤,きゅうじゅつ
1,束脩,そくしゅう
1,鶴唳,かくれい
1,捍格,かんかく
1,甄別,けんべつ
1,驍名,ぎょうめい
1,聯想,れんそう
1,蠹毒,とどく
1,灌注,かんちゅう
1,蜑戸,たんこ
1,嶄然,ざんぜん
1,鷸蚌,いつぼう
1,羈絆,きはん
1,擣衣,とうい
1,乖離,かいり
1,冪法,べきほう
1,荏苒,じんぜん
1,丱角,かんかく
1,輜重,しちょう
1,万斛,ばんこく
1,俊髦,しゅんぼう
1,宏闊,こうかつ
1,驚懼,きょうく
1,婚娶,こんしゅ
1,諠鬧,けんとう
1,訥弁,とつべん
1,袒裼,たんせき
1,馳騁,ちてい
1,疆域,きょういき
1,諡号,しごう
1,喘鳴,ぜんめい
1,兌換,だかん
1,駑駘,どたい
1,睥睨,へいげい
1,朦朧,もうろう
1,瞞着,まんちゃく
1,戌亥,いぬい
1,慟哭,どうこく
1,黴菌,ばいきん
1,誣罔,ふもう
1,仄聞,そくぶん
1,蟄伏,ちっぷく
1,籀文,ちゅうぶん
1,殄滅,てんめつ
1,爬掻,はそう
1,疆界,きょうかい
1,抃舞,べんぶ
1,犇犇,ひしひし
1,僭越,せんえつ
1,抛擲,ほうてき
1,瑣細,ささい
1,茱萸,ぐみ
1,齟齬,そご
1,套言,とうげん
1,杪春,びょうしゅん
1,鄙見,ひけん
1,恬安,てんあん
1,舳艫,じくろ
1,涵養,かんよう
1,灑掃,さいそう
1,楔状,けつじょう
1,吶喊,とっかん
1,輓近,ばんきん
1,歿年,ぼつねん
1,酥油,そゆ
1,咨詢,しじゅん
1,蝴蝶,こちょう
1,婀娜,あだ
1,硯箱,すずりばこ
1,慳吝,けんりん
1,呻吟,しんぎん
1,鑰匙,やくし
1,穢身,えしん
1,膂力,りょりょく
1,馥郁,ふくいく
1,忸怩,じくじ
1,黐竿,もちざお
1,褫奪,ちだつ
1,蹣跚,まんさん
1,嚠喨,りゅうりょう
1,麋鹿,びろく
1,謫居,たっきょ
1,猩紅,しょうこう
1,葷菜,くんさい
1,倚藉,いしゃ
1,衍義,えんぎ
1,杞憂,きゆう
1,伉儷,こうれい
1,刪修,さんしゅう
1,燼灰,じんかい
1,陬遠,すうえん
1,帛書,はくしょ
1,寐語,びご
1,爛熟,らんじゅく
1,矮躯,わいく
1,匍匐,ほふく
1,鶸色,ひわいろ
1,翹楚,ぎょうそ
1,偃月,えんげつ
1,軋轢,あつれき
1,夾雑,きょうざつ
1,隧道,ずいどう
1,駘蕩,たいとう
1,澹乎,たんこ
1,鴃舌,げきぜつ
1,茣蓙,ござ
1,篩骨,しこつ
1,贍給,せんきゅう
1,謗毀,ぼうき
1,壅塞,ようそく
1,聾唖,ろうあ
1,逼迫,ひっぱく
1,蹈襲,とうしゅう
1,懿徳,いとく
1,瑕釁,かきん
1,箝制,かんせい
1,蠱惑,こわく
1,梵鐘,ぼんしょう
1,剔抉,てっけつ
1,瑟瑟,しつしつ
1,怙恃,こじ
1,竦然,しょうぜん
1,贅言,ぜいげん
1,頌春,しょうしゅん
1,聘問,へいもん
1,扞格,かんかく
1,顫動,せんどう
1,闖入,ちんにゅう
1,瀑布,ばくふ
1,慓悍,ひょうかん
1,茫洋,ぼうよう
1,霖雨,りんう
1,彎月,わんげつ
1,軼事,いつじ
1,枳棘,ききょく
1,眷顧,けんこ
1,僭称,せんしょう
1,艟艨,どうもう
1,曩昔,のうせき
1,泛論,はんろん
1,秉燭,へいしょく
1,邁進,まいしん
1,沐雨,もくう
1,鄙陋,ひろう
1,搗精,とうせい
1,笞撻,ちたつ
1,四裔,しえい
1,悃誠,こんせい
1,閨閤,けいこう
1,藹藹,あいあい
1,乖背,かいはい
1,綏撫,すいぶ
1,跣足,せんそく
1,魑魅,ちみ
1,癲癇,てんかん
1,扼腕,やくわん
1,蠹害,とがい
1,歎美,たんび
1,怱忙,そうぼう
1,綽然,しゃくぜん
1,慳貪,けんどん
1,鹹味,かんみ
1,澆薄,ぎょうはく
1,瀉出,しゃしゅつ
1,慊焉,けんえん
1,瘠地,せきち
1,頽廃,たいはい
1,抛棄,ほうき
1,爛脱,らんだつ
1,閭門,りょもん
1,邁往,まいおう
1,悃願,こんがん
1,翹望,ぎょうぼう
1,篋底,きょうてい
1,紆余,うよ
1,剪除,せんじょ
1,嫩緑,どんりょく
1,駁論,ばくろん
1,庖丁,ほうちょう
1,膺懲,ようちょう
1,痙攣,けいれん
1,鶉居,じゅんきょ
1,箭眼,せんがん
1,啖呵,たんか
1,剽疾,ひょうしつ
1,輻射,ふくしゃ
1,倥偬,こうそう
1,奢侈,しゃし
1,燧烽,すいほう
1,阡陌,せんぱく
1,嘲戯,ちょうぎ
1,帑幣,どへい
1,拇印,ぼいん
1,黯然,あんぜん
1,誣告,ぶこく
1,茗園,めいえん
1,夭折,ようせつ
1,聊爾,りょうじ
1,綟網,もじあみ
1,癘気,れいき
1,絮説,じょせつ
1,酋長,しゅうちょう
1,髫齔,ちょうしん
1,鈑金,ばんきん
1,菲徳,ひとく
1,婢僕,ひぼく
1,鸞輿,らんよ
1,帷幔,いまん
1,蘊蓄,うんちく
1,岌岌,きゅうきゅう
1,譴責,けんせき
1,抒情,じょじょう
1,耽美,たんび
1,拈出,ねんしゅつ
1,贅肬,ぜいゆう
1,桎梏,しっこく
1,綾羅,りょうら
1,謬説,びゅうせつ
1,截然,せつぜん
1,駑鈍,どどん
1,雨潦,うろう
1,鴆毒,ちんどく
1,咄嗟,とっさ
1,揶揄,やゆ
1,蛹虫,ようちゅう
1,眩惑,げんわく
1,毫末,ごうまつ
1,赭顔,しゃがん
1,淫風,いんぷう
1,諂諛,てんゆ
1,牙籌,がちゅう
1,抉剔,けってき
1,鞆音,ともね
1,屏居,へいきょ
1,跋扈,ばっこ
1,寵辱,ちょうじょく
1,窈窕,ようちょう
1,咆哮,ほうこう
1,綢繆,ちゅうびゅう
1,戒飭,かいちょく
1,彷徨,ほうこう
1,石鏃,せきぞく
1,反噬,はんぜい
1,赫灼,かくしゃく
1,蝉蛻,せんぜい
1,委悉,いしつ
1,佶屈,きっくつ
1,膾炙,かいしゃ
1,嗜虐,しぎゃく
1,巫覡,ふげき
1,白皙,はくせき
1,門閾,もんいき
1,芥蔕,かいたい
1,偃蹇,えんけん
1,誄詞,るいし
1,石鹸,せっけん
1,慫慂,しょうよう
1,島嶼,とうしょ
1,空翠,くうすい
1,宸筆,しんぴつ
1,車站,しゃたん
1,叮嚀,ていねい
1,英邁,えいまい
1,関鑰,かんやく
1,滔天,とうてん
1,鹵莽,ろもう
1,孵化,ふか
1,勿怪,もっけ
1,薙髪,ちはつ
1,鼎坐,ていざ
1,彷彿,ほうふつ
1,譎詐,けっさ
1,耄耋,ぼうてつ
1,勿論,もちろん
1,虧盈,きえい
1,筮竹,ぜいちく
1,進陟,しんちょく
1,推輓,すいばん
1,羶血,せんけつ
1,冕旒,べんりゅう
1,靄然,あいぜん
1,旌表,せいひょう
1,蹂躙,じゅうりん
1,弛緩,しかん
1,諠譁,けんか
1,嶮路,けんろ
1,喇叭,らっぱ
1,澗泉,かんせん
1,鼇頭,ごうとう
1,花瞼,かけん
1,喘息,ぜんそく
1,甲冑,かっちゅう
1,煤煙,ばいえん
1,馮河,ひょうが
1,愁悶,しゅうもん
1,梵唄,ぼんばい
1,聚斂,しゅうれん
1,蟠踞,ばんきょ
1,炯眼,けいがん
1,毀傷,きしょう
1,街衢,がいく
1,嬌羞,きょうしゅう
1,羈紲,きせつ
1,波濤,はとう
1,萍水,へいすい
1,阿諛,あゆ
1,寥落,りょうらく
1,簫鼓,しょうこ
1,輻輳,ふくそう
1,踉蹌,ろうそう
1,舐犢,しとく
1,瘢痕,はんこん
1,埴輪,はにわ
1,畿甸,きでん
1,眩暈,げんうん
1,堰堤,えんてい
1,掎角,きかく
1,直截,ちょくせつ
1,懦弱,だじゃく
1,斧鑿,ふさく
1,懊悩,おうのう
1,聊頼,りょうらい
1,嘲罵,ちょうば
1,剽窃,ひょうせつ
1,爛発,らんぱつ
1,憫諒,びんりょう
1,毫毛,ごうもう
1,鹹湖,かんこ
1,剪裁,せんさい
1,澆漓,ぎょうり
1,巨擘,きょはく
1,鼎峙,ていじ
1,瀉下,しゃか
1,爛漫,らんまん
1,頽勢,たいせい
1,藜羹,れいこう
1,跋文,ばつぶん
1,爛然,らんぜん
1,紆曲,うきょく
1,剪定,せんてい
1,駁撃,ばくげき
1,剽悍,ひょうかん
1,奢靡,しゃび
1,燧火,すいか
1,褻言,せつげん
1,嘲弄,ちょうろう
1,夭逝,ようせい
1,菲才,ひさい
1,謬見,びゅうけん
1,蛹化,ようか
1,社稷,しゃしょく
1,毫髪,ごうはつ
1,跋渉,ばっしょう
1,窈然,ようぜん
1,謹飭,きんちょく
1,知悉,ちしつ
1,嗜眠,しみん
1,鼎談,ていだん
1,懦夫,だふ
1,煩悶,はんもん
1,顰蹙,ひんしゅく
1,蟠屈,ばんくつ
1,炯然,けいぜん
1,嬌艶,きょうえん
1,面諛,めんゆ
1,断截,だんせつ
1,蟄居,ちっきょ
1,懾伏,しょうふく
1,遯月,とんげつ
1,脛骨,けいこつ
1z,捺印,なついん
1z,艶姿,あですがた
1z,輔弼,ほひつ
1z,嫉妬,しっと
1z,木鐸,ぼくたく
1z,八重葎,やえむぐら
1z,杏林,きょうりん
1z,厩舎,きゅうしゃ
1z,畢生,ひっせい
1z,鍍金,めっき
1z,鼎談,ていだん
1z,檜扇,ひおうぎ
1z,砧声,ちんせい
1z,堆積,たいせき
1z,夜叉,やしゃ
1z,匡正,きょうせい
1z,弘誓,ぐぜい
1z,俗諺,ぞくげん
1z,蕪辞,ぶじ
1z,戎馬,じゅうば
1z,矢鱈,やたら
1z,揖譲,ゆうじょう
1z,形骸,けいがい
1z,洞察,どうさつ
1z,塵芥,じんかい
1z,吻合,ふんごう
1z,一瞥,いちべつ
1z,兜巾,ときん
1z,允可,いんか
1z,唖然,あぜん
1z,集輯,しゅうしゅう
1z,翫弄,がんろう
1z,廟議,びょうぎ
1z,螺旋,らせん
1z,灼熱,しゃくねつ
1z,佃煮,つくだに
1z,壺中,こちゅう
1z,凌雲,りょううん
1z,酒肴,しゅこう
1z,芳醇,ほうじゅん
1z,老爺,ろうや
1z,尖端,せんたん
1z,旺盛,おうせい
1z,雌蕊,めしべ
1z,湛然,たんぜん
1z,暢達,ちょうたつ
1z,嚢中,のうちゅう
1z,馴致,じゅんち
1z,箪笥,たんす
1z,賭博,とばく
1z,枕頭,ちんとう
1z,鶯遷,おうせん
1z,兇刃,きょうじん
1z,閉塞,へいそく
1z,堰塞,えんそく
1z,凄絶,せいぜつ
1z,翰墨,かんぼく
1z,補填,ほてん
1z,所謂,いわゆる
1z,庇護,ひご
1z,柴扉,さいひ
1z,騒擾,そうじょう
1z,浮腫,ふしゅ
1z,脆弱,ぜいじゃく
1z,鞠問,きくもん
1z,城砦,じょうさい
1z,紛擾,ふんじょう
1z,呪術,じゅじゅつ
1z,筆鋒,ひっぽう
1z,謙遜,けんそん
1z,犀利,さいり
1z,正閏,せいじゅん
1z,靱性,じんせい
1z,燦燦,さんさん
1z,忌引,きびき
1z,艶冶,えんや
1z,狐狸,こり
1z,律呂,りつりょ
1z,強靱,きょうじん
1z,襖,ふすま
1z,苧麻,ちょま
1z,挽歌,ばんか
1z,罫線,けいせん
1z,歪曲,わいきょく
1z,亡骸,なきがら
1z,牡蠣,かき
1z,蓋世,がいせい
1z,満腔,まんこう
1z,巽位,そんい
1z,悶絶,もんぜつ
1z,椿寿,ちんじゅ
1z,尤物,ゆうぶつ
1z,嬰児,えいじ
1z,濃艶,のうえん
1z,衣桁,いこう
1z,欽慕,きんぼ
1z,蓋棺,がいかん
1z,厩肥,きゅうひ
1z,蕩尽,とうじん
1z,外甥,がいせい
1z,僻遠,へきえん
1z,野狐,やこ
1z,拳固,げんこ
1z,喧伝,けんでん
1z,牝牡,ひんぼ
1z,領袖,りょうしゅう
1z,播植,はしょく
1z,茅茨,ぼうし
1z,忌日,きじつ
1z,快哉,かいさい
1z,忽然,こつぜん
1z,儲君,ちょくん
1z,馨逸,けいいつ
1z,托鉢,たくはつ
1z,豊頬,ほうきょう
1z,閏年,うるうどし
1z,宥恕,ゆうじょ
1z,豪宕,ごうとう
1z,卿相,けいしょう
1z,骸骨,がいこつ
1z,黛青,たいせい
1z,碩学,せきがく
1z,曳航,えいこう
1z,縞柄,しまがら
1z,孜孜,しし
1z,鴛鴦,おしどり
1z,家禽,かきん
1z,些事,さじ
1z,倦厭,けんえん
1z,深淵,しんえん
1z,謬見,びゅうけん
1z,暴戻,ぼうれい
1z,悉皆,しっかい
1z,侮蔑,ぶべつ
1z,敏捷,びんしょう
1z,凌駕,りょうが
1z,萱堂,けんどう
1z,荏苒,じんぜん
1z,嘗試,しょうし
1z,眉間,みけん
1z,震撼,しんかん
1z,爾来,じらい
1z,上巳,じょうし
1z,僻事,ひがごと
1z,独活,うど
1z,狛犬,こまいぬ
1z,這般,しゃはん
1z,廟議,びょうぎ
1z,赫怒,かくど
1z,霊廟,れいびょう
1z,呆気,あっけ
1z,蘇生,そせい
1z,膝下,しっか
1z,魁傑,かいけつ
1z,錫杖,しゃくじょう
1z,黙祷,もくとう
1z,間隙,かんげき
1z,櫛比,しっぴ
1z,知悉,ちしつ
1z,葛藤,かっとう
1z,厨子,ずし
1z,夙夜,しゅくや
1z,填足,てんそく
1z,濤声,とうせい
1z,光耀,こうよう
1z,天秤,てんびん
1z,聯亙,れんこう
1z,銅壺,どうこ
1z,怯夫,きょうふ
1z,鹿茸,ろくじょう
1z,碩徳,せきとく
1z,爾後,じご
1z,汀渚,ていしょ
1z,喋喋,ちょうちょう
1z,渠魁,きょかい
1z,沫雪,あわゆき
1z,沓石,くついし
1z,背馳,はいち
1z,頁岩,けつがん
1z,弥漫,びまん
1z,穎才,えいさい
1z,枯凋,こちょう
1z,翫弄,がんろう
1z,優渥,ゆうあく
1z,徽章,きしょう
1z,畏怖,いふ
1z,翠微,すいび
1z,不壊,ふえ
1z,矩形,くけい
1z,清穆,せいぼく
1z,掩蔽,えんぺい
1z,神輿,しんよ
1z,危殆,きたい
1z,蜂起,ほうき
1z,有卦,うけ
1z,焚刑,ふんけい
1z,溢美,いつび
1z,遁辞,とんじ
1z,弄舌,ろうぜつ
1z,井蛙,せいあ
1z,誰何,すいか
1z,屡次,るじ
1z,花蕊,かずい
1z,劫末,ごうまつ
1z,烏有,うゆう
1z,巌頭,がんとう
1z,画餅,がべい・がへい
1z,慧眼,けいがん
1z,俄然,がぜん
1z,牙城,がじょう
1z,卜占,ぼくせん
1z,歯垢,しこう
1z,耽読,たんどく
1z,甥姪,せいてつ
1z,晦渋,かいじゅう
1z,熊掌,ゆうしょう
1z,空隙,くうげき
1z,頸椎,けいつい
1z,屑屑,せつせつ
1z,残蝉,ざんせん
1z,脇息,きょうそく
1z,潟湖,せきこ
1z,沃土,よくど
1z,痩躯,そうく
1z,饗宴,きょうえん
1z,鴇色,ときいろ
1z,馴化,じゅんか
1z,横溢,おういつ
1z,僻見,へきけん
1z,都邑,とゆう
1z,一揖,いちゆう
1z,鴨脚,おうきゃく
1z,畦道,あぜみち
1z,友誼,ゆうぎ
1z,馴致,じゅんち
1z,坤軸,こんじく
1z,花圃,かほ
1z,天蓋,てんがい
1z,穎異,えいい
1z,凋落,ちょうらく
1z,冥利,みょうり
1z,茅屋,ぼうおく
1z,祁寒,きかん
1z,後胤,こういん
1z,歯牙,しが
2,酪農,らくのう
2,彙報,いほう
2,刹那,せつな
2,甚大,じんだい
2,憤り,いきどおり
2,溺愛,できあい
2,頻発,ひんぱつ
2,尚早,しょうそう
2,肯定,こうてい
2,雪渓,せっけい
2,嫡子,ちゃくし
2,臆面,おくめん
2,霜害,そうがい
2,一蹴,いっしゅう
2,土壌,どじょう
2,旋回,せんかい
2,醜悪,しゅうあく
2,露呈,ろてい
2,顕著,けんちょ
2,国璽,こくじ
2,会釈,えしゃく
2,土壇場,どたんば
2,愁嘆場,しゅうたんば
2,回向,えこう
2,罷免,ひめん
2,頒布,はんぷ
2,脅嚇,きょうかく
2,蚊柱,かばしら
2,砕石,さいせき
2,抄訳,しょうやく
2,曖昧,あいまい
2,種苗,しゅびょう
2,萎縮,いしゅく
2,思索,しさく
2,漆,うるし
2,製靴,せいか
2,咽喉,いんこう
2,童歌,わらべうた
2,稼働,かどう
2,逓減,ていげん
2,椅子,いす
2,誓約書,せいやくしょ
2,貼用,ちょうよう
2,紙幣,しへい
2,危惧,きぐ
2,競り,せり
2,怨恨,えんこん
2,挨拶,あいさつ
2,宛先,あてさき
2,産着,うぶぎ
2,疎遠,そえん
2,溺死,できし
2,畏怖,いふ
2,狂奔,きょうほん
2,愛猫,あいびょう
2,鬱屈,うっくつ
2,戦慄,せんりつ
2,妖艶,ようえん
2,旺盛,おうせい
2,辣腕,らつわん
2,苛酷,かこく
2,脇腹,わきばら
2,諦観,ていかん
2,進捗,しんちょく
2,裾,すそ
2,凄惨,せいさん
2,蜜月,みつげつ
2,親戚,しんせき
2,失踪,しっそう
2,捕捉,ほそく
2,唾棄,だき
2,妬む,ねたむ
2,瞳孔,どうこう
2,汎用性,はんようせい
2,勃発,ぼっぱつ
2,陶冶,とうや
2,臆断,おくだん
2,拉致,らち
2,横柄,おうへい
2,瓦解,がかい
2,出藍,しゅつらん
2,崖,がけ
2,明瞭,めいりょう
2,玩味,がんみ
2,賄賂,わいろ
2,愚弄,ぐろう
2,僅差,きんさ
2,籠城,ろうじょう
2,山麓,さんろく
2,鍵盤,けんばん
2,怨念,おんねん
2,顎,あご
2,虎口,ここう
2,亀裂,きれつ
2,脱臼,だっきゅう
2,嗅覚,きゅうかく
2,真摯,しんし
2,餌食,えじき
2,叱責,しっせき
2,羨望,せんぼう
2,砂嵐,すなあらし
2,畏敬,いけい
2,語彙,ごい
2,茨,いばら
2,均斉,きんせい
2,鬱結,うっけつ
2,才媛,さいえん
2,俺様,おれさま
2,牙城,がじょう
2,楷書体,かいしょたい
2,潰走,かいそう
2,俳諧,はいかい
2,蓋然,がいぜん
2,形骸化,けいがいか
2,柿,かき
2,葛藤,かっとう
2,釜飯,かまめし
2,毀損,きそん
2,憧憬,しょうけい
2,近畿,きんき
2,鎌,かま
2,巣窟,そうくつ
2,詣でる,もうでる
2,頬桁,ほおげた
2,歌舞伎,かぶき
2,間隙,かんげき
2,禁錮,きんこ
2,梗概,こうがい
2,竹串,たけぐし
2,雑巾,ぞうきん
2,錦,にしき
2,寡聞,かぶん
2,熊,くま
2,滑稽,こっけい
2,右舷,うげん
2,股関節,こかんせつ
2,勾留,こうりゅう
2,沙汰,さた
2,嫉視,しっし
2,斬新,ざんしん
2,乞う,こう
2,叱正,しっせい
2,鬱乎,うっこ
2,愛媛,えひめ
2,頓挫,とんざ
2,拭浄,しょくじょう
2,目尻,めじり
2,喝采,かっさい
2,頃合い,ころあい
2,腫瘍,しゅよう
2,傲岸,ごうがん
2,駒,こま
2,血痕,けっこん
2,脱柵,だっさく
2,恣意,しい
2,呪縛,じゅばく
2,羞悪,しゅうお
2,必須,ひっす
2,煎る,いる
2,詮議,せんぎ
2,肝腎,かんじん
2,遡及,そきゅう
2,未曽有,みぞう
2,爽やか,さわやか
2,痩地,そうち
2,踪跡,そうせき
2,丼勘定,どんぶりかんじょう
2,遮蔽,しゃへい
2,衆寡,しゅうか
2,八百長,やおちょう
2,葬る,ほうむる
2,安寧,あんねい
2,双璧,そうへき
2,捻出,ねんしゅつ
2,奈落,ならく
2,嘲罵,ちょうば
2,綻びる,ほころびる
2,遜色,そんしょく
2,和睦,わぼく
2,弥次馬,やじうま
2,比喩,ひゆ
2,蜂起,ほうき
2,粛然,しゅくぜん
2,傑物,けつぶつ
2,枝垂れ,しだれ
2,旨,むね
2,貪る,むさぼる
2,配膳,はいぜん
2,旦夕,たんせき
2,焼酎,しょうちゅう
2,斑点,はんてん
2,匂い,におい
2,謎めいた,なぞめいた
2,蔑視,べっし
2,冥加,みょうが
2,伴侶,はんりょ
2,疎い,うとい
2,剥製,はくせい
2,訃報,ふほう
2,薫陶,くんとう
2,急騰,きゅうとう
2,瀬戸際,せとぎわ
2,筒先,つつさき
2,年端,としは
2,拝謁,はいえつ
2,懐柔,かいじゅう
2,窮状,きゅうじょう
2,潔く,いさぎよく
2,好事家,こうずか
2,絡む,からむ
2,涙腺,るいせん
2,堆積,たいせき
2,懐かしい,なつかしい
2,霜柱,しもばしら
2,利益,りやく
2,礎,いしずえ
2,但し,ただし
2,汎説,はんせつ
2,焦眉,しょうび
2,変貌,へんぼう
2,殻,から
2,競う,きそう
2,浄瑠璃,じょうるり
2,乾麺,かんめん
2,施錠,せじょう
2,精緻,せいち
2,充填,じゅうてん
2,索引,さくいん
2,虹,にじ
2,尻餅,しりもち
2,湧水,ゆうすい
2,肥沃,ひよく
2,冷徹,れいてつ
2,全幅,ぜんぷく
2,膝,ひざ
2,頬張る,ほおばる
2,賭博,とばく
2,爪先,つまさき
2,脊椎,せきつい
2,箸,はし
2,肘,ひじ
2,哺乳瓶,ほにゅうびん
2,夕闇,ゆうやみ
2,夢枕,ゆめまくら
2,頂戴,ちょうだい
2,語呂,ごろ
2,漠,ばく
2,捉え方,とらえかた
2,処方箋,しょほうせん
2,梨,なし
2,千羽鶴,せんばづる
2,盲亀,もうき
2,喉元,のどもと
2,呪文,じゅもん
2,謙遜,けんそん
2,氾濫,はんらん
2,妖しい,あやしい
2,惨禍,さんか
2,薦めた,すすめた
2,鬱積,うっせき
2,寸隙,すんげき
2,貼る,はる
2,渇望,かつぼう
2,眺め,ながめ
2,苛性,かせい
2,深更,しんこう
2,尊崇,そんすう
2,畏縮,いしゅく
2,毀棄,きき
2,命乞い,いのちごい
2,羞恥,しゅうち
2,堆肥,たいひ
2,斑紋,はんもん
2,沃野,よくや
2,一矢,いっし
2,清艶,せいえん
2,拳銃,けんじゅう
2,嘲弄,ちょうろう
2,狭義,きょうぎ
2,慶事,けいじ
2,象牙,ぞうげ
2,虚空,こくう
2,虐げられている,しいたげられている
2,茨城,いばらき
2,臼,うす
2,傲語,ごうご
2,払拭,ふっしょく
2,元旦,がんたん
2,眉唾物,まゆつばもの
2,藍染め,あいぞめ
2,詩吟,しぎん
2,臆する,おくする
2,鍵穴,かぎあな
2,諦視,ていし
2,稚拙,ちせつ
2,煮沸,しゃふつ
2,断崖,だんがい
2,手綱,たづな
2,否めない,いなめない
2,色艶,いろつや
2,三角巾,さんかくきん
2,手頃,てごろ
2,尻拭い,しりぬぐい
2,破綻,はたん
2,訃告,ふこく
2,慄然,りつぜん
2,富裕,ふゆう
2,苛辣,からつ
2,傲然,ごうぜん
2,補填,ほてん
2,払暁,ふつぎょう
2,懇々,こんこん
2,葛切り,くずきり
2,渉外,しょうがい
2,由,よし
2,旺然,おうぜん
2,僅少,きんしょう
2,痕跡,こんせき
2,凄艶,せいえん
2,緻密,ちみつ
2,隠蔽,いんぺい
2,翻弄,ほんろう
2,窯元,かまもと
2,爪牙,そうが
2,爪痕,つめあと
2,賭場,とば
2,担う,になう
2,開襟,かいきん
2,愛玩,あいがん
2,緑青,ろくしょう
2,醜い,みにくい
2,苛烈,かれつ
2,錦衣,きんい
2,挫折,ざせつ
2,脊髄,せきずい
2,貼付,ちょうふ
2,完璧,かんぺき
2,籠絡,ろうらく
2,地下茎,ちかけい
2,潰す,つぶす
2,捻挫,ねんざ
2,停頓,ていとん
2,醸す,かもす
2,遊山,ゆさん
2,魔窟,まくつ
2,聴聞,ちょうもん
2,布施,ふせ
2,牙,きば
2,疑惧,ぎぐ
2,風采,ふうさい
2,姻戚,いんせき
2,嘲る,あざける
2,蔑んだ,さげすんだ
2,麓,ふもと
2,会得,えとく
2,絶崖,ぜつがい
2,采配,さいはい
2,罵言,ばげん
2,端数,はすう
2,漸進,ぜんしん
2,造詣,ぞうけい
2,偽,にせ
2,宰領,さいりょう
2,瓦石,がせき
2,洞窟,どうくつ
2,塞ぐ,ふさぐ
2,煎餅,せんべい
2,椎間板,ついかんばん
2,養蜂場,ようほうじょう
2,両脇,りょうわき
2,比肩,ひけん
2,骸骨,がいこつ
2,要塞,ようさい
2,剥離,はくり
2,書棚,しょだな
2,醜聞,しゅうぶん
2,隙,すき
2,廃屋,はいおく
2,陥れる,おとしいれる
2,潰敗,かいはい
2,往詣,おうけい
2,鉄柵,てっさく
2,羨ましい,うらやましい
2,爪弾き,つまはじき
2,美貌,びぼう
2,閑却,かんきゃく
2,偏狭,へんきょう
2,葛根湯,かっこんとう
2,叱責,しっせき
2,鏡餅,かがみもち
2,頻出,ひんしゅつ
2,亡者,もうじゃ
2,傲慢,ごうまん
2,長患い,ながわずらい
2,平癒,へいゆ
2,諧和,かいわ
2,稽古,けいこ
2,古刹,こさつ
2,腺毛,せんもう
2,諦め,あきらめ
2,親睦,しんぼく
2,拘泥,こうでい
2,媒酌,ばいしゃく
2,玩読,がんどく
2,凄然,せいぜん
2,軽蔑,けいべつ
2,茎,くき
2,崇高,すうこう
2,爽涼,そうりょう
2,据える,すえる
2,俊才,しゅんさい
2,崖下,がいか
2,空隙,くうげき
2,恣行,しこう
2,詮索,せんさく
2,溺れる,おぼれる
2,勃興,ぼっこう
2,漸増,ぜんぞう
2,荘重,そうちょう
2,失跡,しっせき
2,毀誉,きよ
2,煎茶,せんちゃ
2,風貌,ふうぼう
2,御法度,ごはっと
2,嘲笑,ちょうしょう
2,弊社,へいしゃ
2,散逸,さんいつ
2,火蓋,ひぶた
2,桁違い,けたちがい
2,摯実,しじつ
2,便箋,びんせん
2,装填,そうてん
2,愚昧,ぐまい
2,壮図,そうと
2,嫌悪,けんお
2,音頭,おんど
2,僅かな,わずかな
2,所詮,しょせん
2,冥利,みょうり
2,拙宅,せったく
2,諦聴,ていちょう
2,督促,とくそく
2,営巣,えいそう
2,残骸,ざんがい
2,黒鍵,こっけん
2,好餌,こうじ
2,狙撃,そげき
2,賭け事,かけごと
2,冥土,めいど
2,旋風,せんぷう
2,罪業,ざいごう
2,詐称,さしょう
2,錦秋,きんしゅう
2,遡上,そじょう
2,豊沃,ほうよく
2,安泰,あんたい
2,衷心,ちゅうしん
2,頓知,とんち
2,一献,いっこん
2,施主,せしゅ
2,顎関節,がくかんせつ
2,接舷,せつげん
2,叱る,しかる
2,遡る,さかのぼる
2,整頓,せいとん
2,冶金学,やきんがく
2,悪寒,おかん
2,顕示,けんじ
2,且つ,かつ
2,憂惧,ゆうぐ
2,爽昧,そうまい
2,辛辣,しんらつ
2,窮める,きわめる
2,頒価,はんか
2,罵声,ばせい
2,舌禍,ぜっか
2,罵倒,ばとう
2,葛湯,くずゆ
2,虎威,こい
2,叱声,しっせい
2,爽快,そうかい
2,貪欲,どんよく
2,弥生,やよい
2,脚立,きゃたつ
2,泥縄,どろなわ
2,喝破,かっぱ
2,偏窟,へんくつ
2,痩せる,やせる
2,藍色,あいいろ
2,反物,たんもの
